<?xml version="1.0" encoding="UTF-8"?>
<configuration scan="true" scanPeriod="30 seconds" debug="false">
    <contextName>SMPE-ADMIN</contextName>
    <property name="LOG_HOME" value="logs/%d{yyyy-MM,aux}/"/>
    <property name="LOG_" value="logs/"/>
    <property name="log.charset" value="utf-8"/>
    <property name="log.pattern"
              value="%black(%contextName-) %red(%d{yyyy-MM-dd HH:mm:ss}) %green([%thread]) %highlight(%-5level) %boldMagenta(%logger{36}) - %gray(%msg%n)"/>
    <!--输出到控制台-->
    <appender name="console" class="ch.qos.logback.core.ConsoleAppender">
        <encoder>
            <pattern>${log.pattern}</pattern>
            <charset>${log.charset}</charset>
        </encoder>
    </appender>

    <!-- 按照每天生成日志文件 -->
    <appender name="file" class="ch.qos.logback.core.rolling.RollingFileAppender">
        <rollingPolicy class="ch.qos.logback.core.rolling.TimeBasedRollingPolicy">
            <FileNamePattern>${LOG_HOME}/server.%d{yyyy-MM-dd-HH}.log</FileNamePattern>
            <MaxHistory>60</MaxHistory>
        </rollingPolicy>
        <encoder>
            <pattern>${log.pattern}</pattern>
            <charset>${log.charset}</charset>
        </encoder>
    </appender>

    <appender name="redis" class="ch.qos.logback.core.rolling.RollingFileAppender">
        <rollingPolicy class="ch.qos.logback.core.rolling.TimeBasedRollingPolicy">
            <FileNamePattern>${LOG_HOME}/redis.%d{yyyy-MM-dd-HH}.log</FileNamePattern>
            <MaxHistory>60</MaxHistory>
        </rollingPolicy>
        <encoder>
            <pattern>${log.pattern}</pattern>
            <charset>${log.charset}</charset>
        </encoder>
    </appender>


    <!--    监控sql日志输出-->
    <!--  如想看到表格数据，开发环境不需要看返回结果  -->
    <logger name="jdbc.resultsettable" level="OFF" additivity="false">
        <appender-ref ref="file"/>
    </logger>
    <!--    包含 SQL 语句实际的执行时间及sql语句（与jdbc.sqlonly功能重复） 输入到文件夹  -->
    <logger name="jdbc.sqltiming" level="OFF" additivity="false">
        <appender-ref ref="file"/>
    </logger>
    <!--      仅仅记录 SQL 语句，会将占位符替换为实际的参数-->
    <logger name="jdbc.sqlonly" level="INFO" additivity="false">
        <appender-ref ref="file"/>
    </logger>
    <!--  包含 ResultSet 的信息，输出篇幅较长  -->
    <logger name="jdbc.resultset" level="ERROR" additivity="false">
        <appender-ref ref="file"/>
    </logger>
    <!-- 输出了 Connection 的 open、close 等信息  -->
    <logger name="jdbc.connection" level="OFF" additivity="false">
        <appender-ref ref="file"/>
    </logger>
    <!--    除了 ResultSet 之外的所有JDBC调用信息，篇幅较长 -->
    <logger name="jdbc.audit" level="OFF" additivity="false">
        <appender-ref ref="file"/>
    </logger>

    <!--普通日志输出到控制台-->
    <root level="info">
        <!-- 生产环境日志文件记录内容 -->
        <appender-ref ref="console"/>
        <appender-ref ref="file"/>
        <appender-ref ref="redis"/>
    </root>
</configuration>
